text,file_name,,,local_path
"Embrace the essence of sophistication with this captivating fragrance. ğŸŒº Crafted with exquisite notes, it unveils a timeless allure that lingers. Elevate your daily routine with a spritz of elegance. ğŸ’« #FragranceLover #ScentOfTheDay #ElegantVibes",perfume-13.png,s3://blog-post-data/images/perfume/perfume-13.png,./images/perfume/perfume-13.png,./images/perfume/perfume-13.png
Elevate your style with this captivating fragrance! ğŸŒ³ğŸ’« Immerse yourself in the alluring blend of nature's finest notes. Embrace the essence of sophistication and confidence. ğŸ’ #FragranceLover #ElegantScents #ScentOfSuccess,perfume-4.png,s3://blog-post-data/images/perfume/perfume-4.png,./images/perfume/perfume-4.png,./images/perfume/perfume-4.png
"Indulge in the timeless allure of a captivating fragrance. ğŸŒ¹ğŸ’« This elegant perfume bottle exudes sophistication, complemented by the delicate beauty of fresh roses. Immerse yourself in a world of luxury and romance. ğŸ’ğŸ“– #FragranceLover #ElegantScents #RoseEssence",perfume-8.png,s3://blog-post-data/images/perfume/perfume-8.png,./images/perfume/perfume-8.png,./images/perfume/perfume-8.png
"Elevate your senses with this exquisite fragrance! ğŸŒ²ğŸƒ Crafted with the finest woody notes, it evokes the serene beauty of nature. Perfect for those who appreciate the finer things in life. #FragranceLover #NaturalLuxury #ScentOfTheForest ğŸ’š",perfume-6.png,s3://blog-post-data/images/perfume/perfume-6.png,./images/perfume/perfume-6.png,./images/perfume/perfume-6.png
"Embrace the essence of elegance with this captivating fragrance. ğŸ’« A delicate floral bouquet unfurls, leaving a trail of alluring femininity. Elevate your style and let your confidence bloom. ğŸŒº #FragranceLover #ScentOfTheDay #ElegantVibes",perfume-11.png,s3://blog-post-data/images/perfume/perfume-11.png,./images/perfume/perfume-11.png,./images/perfume/perfume-11.png
"Embrace the enchanting scents of nature! ğŸŒ²ğŸ‚ This luxurious fragrance captures the essence of the great outdoors, blending earthy notes with a touch of sophistication. Perfect for those who seek adventure and tranquility. #NatureLovers #OutdoorEnthusiasts #LuxuryFragrance ğŸ’«",perfume-2.png,s3://blog-post-data/images/perfume/perfume-2.png,./images/perfume/perfume-2.png,./images/perfume/perfume-2.png
"Elevate your senses with this captivating fragrance! ğŸ’« Delicate floral notes intertwine with a touch of sophistication, creating a scent that lingers beautifully. Perfect for those who appreciate the finer things in life. ğŸŒ¸âœ¨ #FragranceLover #LuxuryScent #ElegantVibes",perfume-14.png,s3://blog-post-data/images/perfume/perfume-14.png,./images/perfume/perfume-14.png,./images/perfume/perfume-14.png
"Indulge in the captivating aroma of vanilla and wood! ğŸŒ³â˜ï¸ This luxurious perfume blend transports you to a serene sanctuary. Warm, inviting notes envelop you in a cozy embrace. Elevate your senses with this exquisite fragrance. ğŸ’« #VanillaVibes #WoodyScentedBliss #LuxuryFragrance #SelfCare",perfume-5.png,s3://blog-post-data/images/perfume/perfume-5.png,./images/perfume/perfume-5.png,./images/perfume/perfume-5.png
"Indulge in the captivating allure of our latest fragrance, a harmonious blend of elegance and sophistication. ğŸŒ¹ğŸ’« Inspired by the timeless beauty of roses, this scent will transport you to a world of refined luxury. #FragranceLover #RoseEssence #ElegantVibes ğŸ’",perfume-10.png,s3://blog-post-data/images/perfume/perfume-10.png,./images/perfume/perfume-10.png,./images/perfume/perfume-10.png
"Embrace the essence of nature with our luxurious fragrances! ğŸŒ²ğŸ Crafted with the finest ingredients, these scents will transport you to a serene forest retreat. The warm, earthy notes of the amber bottle evoke cozy autumn evenings, while the emerald elixir captures the invigorating freshness of a pine-filled paradise. Elevate your senses and indulge in the ultimate olfactory experience. ğŸ’« #NaturalLuxury #ForestEscape #ArtisanFragrances",perfume-1.png,s3://blog-post-data/images/perfume/perfume-1.png,./images/perfume/perfume-1.png,./images/perfume/perfume-1.png
"Indulge in the captivating fragrance that blends elegance and sophistication. ğŸŒ¹ğŸ’« This exquisite perfume, inspired by the delicate beauty of roses, will transport you to a world of timeless charm. #FragranceLover #RoseEssence #LuxuryScent ğŸ’",perfume-9.png,s3://blog-post-data/images/perfume/perfume-9.png,./images/perfume/perfume-9.png,./images/perfume/perfume-9.png
"Embrace the alluring scent of nature with our latest fragrance. ğŸŒ²ğŸ Crafted with earthy notes and a hint of sophistication, it's the perfect companion for your literary adventures. #BookLover #NaturalFragrance #ReadingEssentials ğŸ“šâœ¨",perfume-7.png,s3://blog-post-data/images/perfume/perfume-7.png,./images/perfume/perfume-7.png,./images/perfume/perfume-7.png
"Embrace the essence of spring with this captivating fragrance! ğŸ’ğŸŒ¸ Delicate floral notes dance with a hint of warmth, creating a scent that's both alluring and refreshing. Perfect for those sunny days filled with the promise of new beginnings. ğŸŒ¤ï¸ #SpringVibes #FlowerPower #ScentOfTheDay",perfume-12.png,s3://blog-post-data/images/perfume/perfume-12.png,./images/perfume/perfume-12.png,./images/perfume/perfume-12.png
"Escape to nature's embrace with this captivating fragrance. ğŸŒ²ğŸƒ Immerse yourself in the earthy allure of the forest, where every breath unveils a tapestry of enchanting scents. Embrace the rugged beauty that surrounds you. ğŸ¥¾â›°ï¸ #NatureInspired #OutdoorOdyssey #ScentOfAdventure",perfume-3.png,s3://blog-post-data/images/perfume/perfume-3.png,./images/perfume/perfume-3.png,./images/perfume/perfume-3.png
Tis the season for cozy vibes! ğŸ„âœ¨ Deck the halls with a mini tree adorned with pinecones and twinkling lights. Add a touch of rustic charm with a woven pouf and a sleek leather bag for all your holiday adventures. #HolidayDecor #CozyChic #WinterWonderland ğŸ§£â˜ƒï¸,bag-6.png,s3://blog-post-data/images/bag/bag-6.png,./images/bag/bag-6.png,./images/bag/bag-6.png
Spread the love this Valentine's Day! ğŸ’ğŸŒ¹ Our chic handbag and decadent chocolates make the perfect gifts for your sweetheart. Indulge in romance with our stylish accessories and sweet treats. ğŸ’˜ #ValentinesDay #GiftIdeas #LoveIsInTheAir,bag-24.png,s3://blog-post-data/images/bag/bag-24.png,./images/bag/bag-24.png,./images/bag/bag-24.png
"Elevate your style game with this chic and timeless handbag! ğŸ’¼ Its elegant nude hue and sleek design make it a versatile accessory for any outfit. Crafted with premium materials, it's both fashionable and functional. ğŸ’• Pair it with your favorite ensemble for a touch of sophistication. #FashionInspo #StyleEssentials #AccessoryGoals ğŸ‘œ",bag-15.png,s3://blog-post-data/images/bag/bag-15.png,./images/bag/bag-15.png,./images/bag/bag-15.png
"Spread the love this season with our chic and stylish accessories! ğŸ’ğŸ From sleek handbags to adorable heart-shaped decor, we've got everything you need to add a touch of romance to your look. Get ready to turn heads and make hearts flutter! ğŸ’–ğŸ˜ #LoveIsInTheAir #TrendyAccessories #GiftIdeas",bag-28.png,s3://blog-post-data/images/bag/bag-28.png,./images/bag/bag-28.png,./images/bag/bag-28.png
"Embrace the cozy vibes with this chic setup! ğŸ‚ğŸ•¯ï¸ Framed dried florals add a touch of nature, while the leather bag exudes timeless elegance. Candlelight creates a warm ambiance, perfect for unwinding after a long day. #HomeDecor #CozyNights #SelfCare ğŸ’«",bag-19.png,s3://blog-post-data/images/bag/bag-19.png,./images/bag/bag-19.png,./images/bag/bag-19.png
"Sleek and stylish handbags for the festive season! ğŸ„âœ¨ These chic bags are perfect for carrying all your essentials in style. The neutral tones complement any outfit, while the metallic accents add a touch of glamour. Elevate your holiday look with these must-have accessories. ğŸ’¼ğŸ‘œ #FashionInspo #HolidayGlam #AccessoriesGoals",bag-11.png,s3://blog-post-data/images/bag/bag-11.png,./images/bag/bag-11.png,./images/bag/bag-11.png
Tis the season to be jolly! ğŸ„âœ¨ Get cozy by the twinkling tree with a warm throw and your favorite bag packed for a winter getaway. #HolidayVibes #WinterWonderland #CozyNights ğŸ§£â˜•ï¸ ,bag-2.png,s3://blog-post-data/images/bag/bag-2.png,./images/bag/bag-2.png,./images/bag/bag-2.png
"Elevate your style game with this chic and sophisticated handbag! ğŸ‘œ Its sleek design and neutral hue make it a versatile accessory for any outfit. Crafted with premium materials, it's both fashionable and functional. ğŸ’« Upgrade your everyday look with this timeless piece. #FashionInspo #AccessoryGoals #StyleEssentials",bag-20.png,s3://blog-post-data/images/bag/bag-20.png,./images/bag/bag-20.png,./images/bag/bag-20.png
"Elevate your style game with these chic leather backpacks! ğŸ‘œâœ¨ The perfect blend of functionality and fashion, these versatile bags will be your go-to companions. Crafted with premium materials, they exude timeless elegance. Effortlessly transition from day to night with these beauties. ğŸ’« #StyleInspo #LeatherBackpack #FashionEssentials",bag-8.png,s3://blog-post-data/images/bag/bag-8.png,./images/bag/bag-8.png,./images/bag/bag-8.png
"Roses are red, violets are blue, but nothing compares to the love I have for you! ğŸ’ Celebrate this Valentine's Day with a touch of elegance and romance. Indulge in sweet treats, fragrant blooms, and a chic handbag that'll make your heart skip a beat. ğŸ’˜ #ValentinesDay #Love #Gifts #SelfLove",bag-26.png,s3://blog-post-data/images/bag/bag-26.png,./images/bag/bag-26.png,./images/bag/bag-26.png
Unleash your inner trendsetter with this chic leather tote! ğŸ‘œ Perfect for the modern fashionista on-the-go. Pair it with your favorite cozy knits for a stylish yet comfy vibe. ğŸ§¶ #FashionInspo #AccessoryGoals #TotesAdorable ğŸ’—,bag-17.png,s3://blog-post-data/images/bag/bag-17.png,./images/bag/bag-17.png,./images/bag/bag-17.png
"Embrace the cozy vibes with this chic setup! ğŸ•¯ï¸ The warm glow of candles, delicate florals, and a timeless leather crossbody bag create an inviting ambiance. Elevate your space with thoughtful touches that radiate effortless style. ğŸ’ #HomeDecor #CozyAesthetic #StylishLiving",bag-13.png,s3://blog-post-data/images/bag/bag-13.png,./images/bag/bag-13.png,./images/bag/bag-13.png
"Tis the season for cozy vibes! ğŸ„âœ¨ This minimalist setup with a petite tree, twinkling lights, and a plush pouf is giving all the hygge feels. The deep burgundy leather bag adds a touch of luxe. Perfect for a quiet night in! ğŸ’« #HyggeHome #MinimalistDecor #CozyCorner #WinterVibes",bag-4.png,s3://blog-post-data/images/bag/bag-4.png,./images/bag/bag-4.png,./images/bag/bag-4.png
Love is in the air! ğŸ’˜ Treat yourself or your special someone with this chic leather clutch and indulge in the sweet scent of roses. ğŸŒ¹ Add a touch of romance with these adorable heart-shaped trinkets. ğŸ’– #SelfLove #DateNight #GalentinesDay #TreatYourself,bag-22.png,s3://blog-post-data/images/bag/bag-22.png,./images/bag/bag-22.png,./images/bag/bag-22.png
Indulge in the sweetness of love this Valentine's Day! ğŸŒ¹ğŸ’ Our luxurious leather handbag and decadent chocolates make the perfect gift for your special someone. Treat them to a delightful surprise and create cherished memories. ğŸ˜ #ValentinesDay #LuxuryGifts #Chocolates #LeatherBag,bag-25.png,s3://blog-post-data/images/bag/bag-25.png,./images/bag/bag-25.png,./images/bag/bag-25.png
Tis the season for cozy vibes! ğŸ„âœ¨ Snuggle up with a warm throw and your favorite bag by the twinkling tree. Rustic decor like this woodsy wreath adds a touch of nature's charm. #HolidayDecor #CozyChic #WinterWonderland ğŸŒ²,bag-7.png,s3://blog-post-data/images/bag/bag-7.png,./images/bag/bag-7.png,./images/bag/bag-7.png
"Embrace the soft, feminine charm of this season's must-haves! ğŸ’ğŸŒ¸ From the delicate blush handbag to the chic ballet flats, every piece exudes elegance. Complement your look with a touch of nature's beauty. ğŸŒ· #SpringFashion #ElegantStyle #NaturalBeauty",bag-16.png,s3://blog-post-data/images/bag/bag-16.png,./images/bag/bag-16.png,./images/bag/bag-16.png
"Tis the season for sparkle and style! ğŸ„âœ¨ Elevate your holiday look with these luxurious leather bags. Timeless elegance meets modern flair, perfect for all your festive adventures. Treat yourself or surprise a loved one with the gift of sophistication. ğŸ’ #HolidayGlamour #LuxuryLeather #FestiveFashion #GiftIdeas",bag-12.png,s3://blog-post-data/images/bag/bag-12.png,./images/bag/bag-12.png,./images/bag/bag-12.png
"Roses are red, chocolates are sweet ğŸ« This Valentine's Day, treat your loved one to a luxurious leather bag ğŸ‘œ and a bouquet of vibrant red roses! ğŸŒ¹ The perfect combo to make their heart flutter. ğŸ’• #ValentinesDay #GiftIdeas #LuxuryBag #Roses",bag-21.png,s3://blog-post-data/images/bag/bag-21.png,./images/bag/bag-21.png,./images/bag/bag-21.png
Tis the season for sparkle and style! ğŸ„âœ¨ Elevate your holiday look with these chic and timeless handbags. Perfect for carrying all your festive essentials in glamorous elegance. Treat yourself or surprise a loved one with the gift of luxury. ğŸ’ #HolidayFashion #GiftIdeas #LuxuryAccessories,bag-3.png,s3://blog-post-data/images/bag/bag-3.png,./images/bag/bag-3.png,./images/bag/bag-3.png
"Indulge in a romantic evening with your loved one! ğŸŒ¹ğŸ’• Treat yourselves to decadent chocolates, luscious cupcakes, and sweet delights. Bask in the warm glow of candlelight and create cherished memories. #DateNight #Romance #SweetTreats #LuxuryLifestyle ğŸ«ğŸ•¯ï¸",bag-27.png,s3://blog-post-data/images/bag/bag-27.png,./images/bag/bag-27.png,./images/bag/bag-27.png
Tis the season for cozy vibes and festive treats! ğŸ„ğŸ… Upgrade your holiday game with these chic leather bags in rich hues. Perfect for gifting or self-pampering! ğŸ Pair them with our snug Christmas stockings for a stylish and merry display. ğŸ˜ #HolidayFashion #WinterEssentials #GiftIdeas #SeasonalDecor,bag-9.png,s3://blog-post-data/images/bag/bag-9.png,./images/bag/bag-9.png,./images/bag/bag-9.png
Slay the day with this chic and timeless satchel! ğŸ’• Its blush hue and sleek design make it the perfect accessory for any outfit. Pair it with these trendy tassel keychains and woven bracelets for a boho-chic vibe. ğŸ’ #FashionInspo #AccessoriesGoals #StyleFile,bag-18.png,s3://blog-post-data/images/bag/bag-18.png,./images/bag/bag-18.png,./images/bag/bag-18.png
"Elevate your style game with this chic and sophisticated handbag! ğŸ’¼âœ¨ Its sleek leather design and versatile hue make it the perfect accessory for any occasion. Spacious yet compact, it effortlessly carries all your essentials. Upgrade your look with this timeless piece. ğŸ’« #FashionInspo #StyleEssentials #LuxuryAccessories",bag-10.png,s3://blog-post-data/images/bag/bag-10.png,./images/bag/bag-10.png,./images/bag/bag-10.png
Bring a touch of elegance to your holiday season! ğŸ’ This chic teal handbag is the perfect accessory to elevate your festive looks. Its timeless design and premium leather make it a stylish investment piece. Pair it with your favorite party outfits and let it be the star of your #HolidayGlam. ğŸ„âœ¨ #FashionInspo #GiftIdeas,bag-1.png,s3://blog-post-data/images/bag/bag-1.png,./images/bag/bag-1.png,./images/bag/bag-1.png
"Elevate your style game with this chic leather tote! ğŸ‘œ Perfect for the modern woman on-the-go, it combines timeless elegance with functionality. The rich caramel hue and sleek design make it a versatile accessory for any outfit. Embrace minimalist luxury with this must-have bag! ğŸ’« #FashionInspo #LeatherLuxury #EverydayElegance",bag-14.png,s3://blog-post-data/images/bag/bag-14.png,./images/bag/bag-14.png,./images/bag/bag-14.png
"Love is in the air! ğŸ’˜ Get ready to sweep your special someone off their feet with these romantic goodies. ğŸŒ¹ A bouquet of lush red roses, decadent chocolate hearts, and a chic leather clutch for a night on the town. ğŸ‘› Don't forget the heartfelt card to express your affection! â¤ï¸ğŸ’Œ #ValentinesDay #Romance #GiftIdeas",bag-23.png,s3://blog-post-data/images/bag/bag-23.png,./images/bag/bag-23.png,./images/bag/bag-23.png
"Elevate your style this holiday season with this luxurious leather tote! ğŸ„âœ¨ Its timeless design and rich burgundy hue make it the perfect accessory for any festive occasion. Spacious yet chic, it's the ultimate gift for her (or yourself!). #HolidayFashion #LuxuryBag #GiftIdeas ğŸ",bag-5.png,s3://blog-post-data/images/bag/bag-5.png,./images/bag/bag-5.png,./images/bag/bag-5.png
"Cruising through the city in style! ğŸš˜ğŸ’¨ This sleek sports car is a head-turner, effortlessly gliding past iconic landmarks. Embrace the thrill of the open road and let your spirit soar. ğŸ™ï¸âœ¨ #DreamCar #UrbanExplorer #LuxuryRides",car-19.png,s3://blog-post-data/images/car/car-19.png,./images/car/car-19.png,./images/car/car-19.png
"Cruising through the city in style! ğŸš˜ğŸ’¨ This sleek red sports car is a true head-turner, effortlessly gliding past iconic landmarks. Embrace the thrill of the open road and let your spirit of adventure take the wheel. ğŸ—ºï¸âœ¨ #DreamCar #UrbanExplorer #LuxuryRides",car-20.png,s3://blog-post-data/images/car/car-20.png,./images/car/car-20.png,./images/car/car-20.png
"Unleash the beast within! ğŸ”¥ This sleek and powerful ride is the epitome of luxury and performance. With its bold lines and aggressive stance, it commands attention on every street. Elevate your driving experience to new heights with this automotive masterpiece. ğŸ’¯ #LuxuryLife #PerformanceIsPriority #DreamCar",car-2.png,s3://blog-post-data/images/car/car-2.png,./images/car/car-2.png,./images/car/car-2.png
"Unleash the beast within! ğŸ”¥ This sleek and powerful ride is ready to conquer the open road. With its fierce stance and aggressive lines, it commands respect. Embrace the thrill of the drive and leave the ordinary behind. ğŸ’¨ #PerformanceAutomotive #DrivingPassion #RoadTrip",car-11.png,s3://blog-post-data/images/car/car-11.png,./images/car/car-11.png,./images/car/car-11.png
"Unleash the beast within! ğŸ”¥ This sleek and powerful ride is ready to conquer the open road. With its fierce stance and uncompromising performance, it's the ultimate driving machine. Embrace the thrill and leave the ordinary behind. ğŸï¸ğŸ’¨ #MuscleCar #DreamMachine #SpeedDemon",car-24.png,s3://blog-post-data/images/car/car-24.png,./images/car/car-24.png,./images/car/car-24.png
"Unleash the beast within! ğŸ”¥ This fiery red coupe is a head-turner, combining sleek lines and raw power. Conquer the streets with its roaring engine and sporty stance. ğŸ˜ Elevate your driving experience to new heights. ğŸš—ğŸ’¨ #PerformanceAutomotive #DreamMachine #StreetSavvy",car-6.png,s3://blog-post-data/images/car/car-6.png,./images/car/car-6.png,./images/car/car-6.png
"Unleash the beast within! ğŸ”¥ This sleek ride is ready to conquer every winding road and leave the ordinary behind. With its powerful engine and aerodynamic design, it's the ultimate driving machine. Embrace the thrill and let your spirit soar. ğŸï¸ #DrivingPassion #RoadTrip #ExploreTheUnknown",car-15.png,s3://blog-post-data/images/car/car-15.png,./images/car/car-15.png,./images/car/car-15.png
"Unleash the beast within! ğŸ”¥ This sleek and powerful ride is the epitome of luxury and performance. With its dynamic design and cutting-edge technology, it's sure to turn heads wherever you go. Get ready to conquer the streets in style! ğŸ˜ #LuxuryAutomotive #PerformanceVehicle #StreetDomination",car-4.png,s3://blog-post-data/images/car/car-4.png,./images/car/car-4.png,./images/car/car-4.png
Escape to paradise with this sleek and stylish ride! ğŸŒ´â˜€ï¸ Cruise along sun-drenched roads in ultimate luxury and comfort. Turn heads with its bold design and powerful performance. Live your dream life in the lap of opulence. ğŸ˜ #LuxuryLifestyle #DreamCar #SummerVibes,car-22.png,s3://blog-post-data/images/car/car-22.png,./images/car/car-22.png,./images/car/car-22.png
Escape the city hustle and embrace the open road! ğŸŒ²ğŸ›£ï¸ This sleek ride is ready to conquer winding mountain paths and serene lakeside drives. Unleash your wanderlust and let the journey unfold. ğŸš—ğŸ’¨ #RoadTripAdventure #ExploreNature #DrivingEscape,car-13.png,s3://blog-post-data/images/car/car-13.png,./images/car/car-13.png,./images/car/car-13.png
"Unleash the beast within! ğŸ”¥ This fiery red coupe is a head-turner, combining sleek lines and raw power. Get behind the wheel and experience the thrill of the open road. ğŸï¸ğŸ’¨ #MuscleCar #DreamMachine #SpeedDemon",car-8.png,s3://blog-post-data/images/car/car-8.png,./images/car/car-8.png,./images/car/car-8.png
"Cruising down the coast in style! ğŸŒ´â˜€ï¸ This classic white convertible is the epitome of retro cool. Parked by the beach with palm trees swaying in the breeze, it's the perfect ride for a sunny day adventure. Who's ready to hit the road and feel that wind in their hair? ğŸš—ğŸ’¨ #VintageVibes #CoastalCruising #SummerDaze",car-26.png,s3://blog-post-data/images/car/car-26.png,./images/car/car-26.png,./images/car/car-26.png
Escape the city hustle and hit the open road! ğŸ›£ï¸ This sleek ride is ready to conquer winding mountain passes with breathtaking scenery. ğŸŒ²ğŸï¸ Embrace the thrill of the drive and let your spirit soar. ğŸš—ğŸ’¨ #RoadTrip #AdventureAwaits #ExploreNature,car-17.png,s3://blog-post-data/images/car/car-17.png,./images/car/car-17.png,./images/car/car-17.png
"Unleash the beast within! ğŸ”¥ This sleek and powerful coupe is the epitome of luxury and performance. With its aggressive stance and aerodynamic design, it commands attention on the road. Get ready to turn heads and leave others in the dust. ğŸ’¨ #DreamCar #PerformanceDriving #LuxuryAutomotive",car-3.png,s3://blog-post-data/images/car/car-3.png,./images/car/car-3.png,./images/car/car-3.png
"Escape to paradise with this sleek and stylish ride! ğŸŒ´â˜€ï¸ Cruise along sun-kissed beaches and let the ocean breeze caress your soul. This luxurious beauty combines power and elegance, making every journey a dream. Embrace the freedom and indulge in life's pleasures. ğŸ˜ #LuxuryLifestyle #DreamCar #CoastalVibes",car-21.png,s3://blog-post-data/images/car/car-21.png,./images/car/car-21.png,./images/car/car-21.png
"Unleash the beast within! ğŸ”¥ This sleek sedan commands attention on the open road, effortlessly gliding through scenic landscapes. Experience the thrill of raw power and uncompromising luxury. Tag your adventure buddies and let's hit the road! ğŸš—ğŸ’¨ #DreamCar #RoadTrip #LuxuryPerformance",car-12.png,s3://blog-post-data/images/car/car-12.png,./images/car/car-12.png,./images/car/car-12.png
"Unleash the beast within! ğŸ”¥ This fiery red sports car is a true head-turner, leaving a trail of envy in its wake. With sleek lines and raw power under the hood, it's the ultimate ride for those who crave adrenaline and style. Buckle up and get ready to conquer the streets! ğŸï¸ğŸ’¨ #SportsCarEnthusiast #DreamMachine #SpeedDemon",car-7.png,s3://blog-post-data/images/car/car-7.png,./images/car/car-7.png,./images/car/car-7.png
Escape to paradise! ğŸŒ´â˜€ï¸ Soak up the sun and salty breeze on this dreamy beach getaway. Cruise along the coastal road with the wind in your hair and the ocean by your side. #BeachVibes #SummerDaze #RoadTripGoals ğŸš—ğŸŒŠ,car-25.png,s3://blog-post-data/images/car/car-25.png,./images/car/car-25.png,./images/car/car-25.png
"Unleash the beast within! ğŸ”¥ This sleek and powerful ride is ready to conquer the open road. With its fierce stance and cutting-edge design, it's a true head-turner. Embrace the thrill and leave the ordinary behind. ğŸ’¨ #PerformanceAutomotive #DrivingPassion #RoadTrip",car-16.png,s3://blog-post-data/images/car/car-16.png,./images/car/car-16.png,./images/car/car-16.png
Escape to paradise! ğŸŒ´â˜€ï¸ This sleek ride is ready to whisk you away to your dream destination. Glide along sun-kissed beaches and soak in the breathtaking views. Life's too short to stay idle - seize the moment and let the adventure begin! ğŸš—ğŸŒŠ #LuxuryTravel #SummerVibes #CoastalCruising,car-23.png,s3://blog-post-data/images/car/car-23.png,./images/car/car-23.png,./images/car/car-23.png
"Unleash the beast within! ğŸ”¥ This fiery red sports car is a true head-turner, leaving a trail of envy in its wake. With sleek lines and a roar that commands attention, it's the ultimate ride for those who crave adrenaline and style. Conquer the city streets and leave your mark! ğŸ’¥ #SportsCarEnthusiast #UrbanExplorer #DreamMachine",car-5.png,s3://blog-post-data/images/car/car-5.png,./images/car/car-5.png,./images/car/car-5.png
Unleash the beast within! ğŸ”¥ This sleek sedan commands the road with its fierce stance and powerful engine. Carve through winding roads and leave the ordinary behind. Tag your thrill-seeking friends for an adrenaline-fueled adventure! ğŸï¸ğŸ’¨ #PerformanceAutomotive #DrivingPassion #RoadTrip,car-14.png,s3://blog-post-data/images/car/car-14.png,./images/car/car-14.png,./images/car/car-14.png
Unleash the beast within! ğŸ”¥ This sleek coupe commands attention with its fierce stance and aggressive lines. Conquer the city streets in style and power. ğŸ’ª #PerformanceAutomotive #LuxuryDriving #UrbanExplorer ğŸš—,car-1.png,s3://blog-post-data/images/car/car-1.png,./images/car/car-1.png,./images/car/car-1.png
Unleash the beast within! ğŸ”¥ This sleek coupe commands the road with its fierce stance and powerful engine. Carve through winding mountain roads and leave the ordinary behind. Tag your thrill-seeking friends for an adrenaline-fueled adventure! ğŸï¸ğŸ’¨ #DreamMachine #PerformanceRedefined #RoadTrip,car-10.png,s3://blog-post-data/images/car/car-10.png,./images/car/car-10.png,./images/car/car-10.png
Escape to paradise! ğŸŒ´â˜€ï¸ This sleek ride is ready to cruise along the turquoise waters and white sandy beaches. Soak up the sun and let the ocean breeze whisk your worries away. ğŸŒŠ #BeachVibes #LuxuryEscape #SummerDreaming,car-27.png,s3://blog-post-data/images/car/car-27.png,./images/car/car-27.png,./images/car/car-27.png
"Unleash the beast within! ğŸ”¥ This fiery red coupe is a true head-turner, combining sleek lines and raw power. Get ready to conquer the roads with its aggressive stance and roaring engine. Buckle up and let the adrenaline rush begin! ğŸï¸ğŸ’¨ #PerformanceAutomotive #DreamMachine #SpeedDemon",car-9.png,s3://blog-post-data/images/car/car-9.png,./images/car/car-9.png,./images/car/car-9.png
"Unleash the beast within! ğŸ”¥ This fiery red coupe is a true head-turner, combining sleek lines and raw power. Conquer the city streets with its aggressive stance and roaring engine. ğŸ’¥ Elevate your driving experience to new heights. ğŸš—ğŸ’¨ #PerformanceAutomotive #StreetStyle #DrivingPassion",car-18.png,s3://blog-post-data/images/car/car-18.png,./images/car/car-18.png,./images/car/car-18.png
"Roses are the epitome of elegance and romance! ğŸ’ğŸŒ¹ This stunning bouquet of blush-hued roses, surrounded by twinkling lights and a flickering candle, creates a dreamy ambiance perfect for a cozy night in. #RosesBouquet #CozyNights #RomanticVibes ğŸ•¯ï¸âœ¨",candle-1.png,s3://blog-post-data/images/candle/candle-1.png,./images/candle/candle-1.png,./images/candle/candle-1.png
"Embrace the tranquility of this moment. ğŸ’ğŸ•¯ï¸ Delicate pink blooms and a flickering candle create a serene ambiance. Pause, breathe deeply, and let the gentle fragrance envelop you. Find your inner peace amidst the beauty of nature's gifts. ğŸŒ¸âœ¨ #SelfCare #Mindfulness #FlowerPower",candle-5.png,s3://blog-post-data/images/candle/candle-5.png,./images/candle/candle-5.png,./images/candle/candle-5.png
"Embrace the beauty of simplicity ğŸ’ Soft pink carnations surround a glowing candle, creating a serene ambiance. Let the gentle flicker soothe your soul and find tranquility in life's little moments. ğŸ•¯ï¸ #SelfCare #Mindfulness #PeacefulVibes",candle-3.png,s3://blog-post-data/images/candle/candle-3.png,./images/candle/candle-3.png,./images/candle/candle-3.png
"Embrace tranquility with this soothing candle. ğŸ•¯ï¸ Its gentle floral aroma creates a serene ambiance, perfect for unwinding after a long day. Surround yourself with delicate blooms and let the soft candlelight transport you to a peaceful oasis. ğŸŒº #SelfCare #Relaxation #HomeFragrance",candle-7.png,s3://blog-post-data/images/candle/candle-7.png,./images/candle/candle-7.png,./images/candle/candle-7.png
"Roses are the epitome of elegance and romance. ğŸ’ This gorgeous bouquet of blush-hued roses is a vision of beauty, perfect for celebrating life's special moments. ğŸŒ¹ Paired with a flickering candle, it creates a cozy ambiance that warms the heart. ğŸ•¯ï¸ #RosesBouquet #RomanceInBloom #CandlelitMoments",candle-2.png,s3://blog-post-data/images/candle/candle-2.png,./images/candle/candle-2.png,./images/candle/candle-2.png
"Cozy vibes ğŸ•¯ï¸ Unwind with a flickering candle, the scent of fresh blooms, and a good read. Embrace the simple pleasures that bring warmth and tranquility to your space. ğŸŒ¸ğŸ“– #CozyCornersAtHome #SlowLivingMoments #SelfCareRoutine",candle-6.png,s3://blog-post-data/images/candle/candle-6.png,./images/candle/candle-6.png,./images/candle/candle-6.png
Embrace the tranquility of a cozy evening with these delicate blooms and flickering candles. ğŸŒºğŸ•¯ï¸ Let the soft petals and warm glow soothe your soul and create a serene ambiance. #CandleLight #FlowerPower #PeacefulMoments #HomeDecor #SelfCare,candle-4.png,s3://blog-post-data/images/candle/candle-4.png,./images/candle/candle-4.png,./images/candle/candle-4.png
Cozy evenings call for a warm glow ğŸ•¯ï¸ Surround yourself with the soothing scents of nature and let the gentle flicker transport you to a state of tranquility. Unwind with a good read or simply bask in the moment. ğŸŒ¸ #CozyNights #SelfCare #Relaxation,candle-8.png,s3://blog-post-data/images/candle/candle-8.png,./images/candle/candle-8.png,./images/candle/candle-8.png
,,,,
,,,,
" Deliciously crunchy granola bars packed with chocolate chips for the perfect snack! ğŸªğŸ˜‹",snacks-3.png,"""C:\Users\91939\OneDrive\Desktop\Images\snacks\snacks-3.png""","./Images/snacks/snacks-3.png""",./images/snacks/snacks-3.png
""" Crispy apple chips with a touch of cinnamonâ€”healthy, crunchy, and irresistibly delicious! ğŸğŸ˜""",snacks-4.png,"""C:\Users\91939\OneDrive\Desktop\Images\snacks\snacks-4.png""","./Images/snacks/snacks-4.png""",./images/snacks/snacks-4.png
"""These homemade oat and chocolate chip cookies are the perfect blend of chewy and crunchy ğŸªâœ¨, making snack time extra delightful! ğŸ˜""",snacks-5.png,"""C:\Users\91939\OneDrive\Desktop\Images\snacks\snacks-5.png""","./Images/snacks/snacks-5.png""",./images/snacks/snacks-5.png
Crispy golden potato bites with spicy ketchup for the perfect snack time! ğŸ¥”ğŸ”¥,snacks-6.png,"""C:\Users\91939\OneDrive\Desktop\Images\snacks\snacks-6.png""","./Images/snacks/snacks-6.png""",./images/snacks/snacks-6.png
A delicious bite of bruschetta topped with fresh veggies and olives! ğŸ…ğŸ«’,snacks-7.png,"""C:\Users\91939\OneDrive\Desktop\Images\snacks\snacks-7.png""","./Images/snacks/snacks-7.png""","./images/snacks/snacks-7.png"""
"Crunchy and flavorful chakli, a classic Indian tea-time favorite! â˜•ğŸ¥¨",snacks-8.png,"""C:\Users\91939\OneDrive\Desktop\Images\snacks\snacks-8.png""","./Images/snacks/snacks-8.png""","./images/snacks/snacks-8.png"""
"Grilled to perfection, this sandwich is packed with cheesy goodness! ğŸ§€ğŸ¥ª",snacks-9.png,"""C:\Users\91939\OneDrive\Desktop\Images\snacks\snacks-9.png""","./Images/snacks/snacks-9.png""","./images/snacks/snacks-9.png"""
"Spicy and crispy sev, the ultimate crunchy munch for snack lovers! ğŸŒ¶ï¸ğŸ¥¢",snacks-10.png,"""C:\Users\91939\OneDrive\Desktop\Images\snacks\snacks-10.png""","./Images/snacks/snacks-10.png""","./images/snacks/snacks-10.png"""
"A healthy and crunchy snack made from finger millet, perfect with tea! â˜•",snacks-11.png,"""C:\Users\91939\OneDrive\Desktop\Images\snacks\snacks-11.png""","./Images/snacks/snacks-11.png""","./images/snacks/snacks-11.png"""
"A spicy, crunchy medley of fried lentils, nuts, and spices.",snacks-12.png,"""C:\Users\91939\OneDrive\Desktop\Images\snacks\snacks-12.png""","./Images/snacks/snacks-12.png""","./images/snacks/snacks-12.png"""
"Sweet and crispy diamond-shaped fried treats, a festive favorite! ğŸŠ",snacks-13.png,"""C:\Users\91939\OneDrive\Desktop\Images\snacks\snacks-13.png""","./Images/snacks/snacks-13.png""","./images/snacks/snacks-13.png"""
"Handcrafted spiral-shaped South Indian snack, deep-fried to perfection.",snacks-14.png,"""C:\Users\91939\OneDrive\Desktop\Images\snacks\snacks-14.png""","./Images/snacks/snacks-14.png""","./images/snacks/snacks-14.png"""
Roasted fox nuts tossed with spices for a light and healthy munch!,snacks-15.png,"""C:\Users\91939\OneDrive\Desktop\Images\snacks\snacks-15.png""","./Images/snacks/snacks-15.png""","./images/snacks/snacks-15.png"""
"Crispy, golden, and spiced, a perfect snack for festive times! ğŸ‰",snacks-16.png,"""C:\Users\91939\OneDrive\Desktop\Images\snacks\snacks-16.png""","./Images/snacks/snacks-16.png""","./images/snacks/snacks-16.png"""
A nutritious and crunchy brittle made of jaggery and nuts.,snacks-17.png,"""C:\Users\91939\OneDrive\Desktop\Images\snacks\snacks-17.png""","./Images/snacks/snacks-17.png""","./images/snacks/snacks-17.png"""
A beloved street food with crispy puris filled with tangy water and fillings. ğŸ¤¤,snacks-18.png,"""C:\Users\91939\OneDrive\Desktop\Images\snacks\snacks-18.png""","./Images/snacks/snacks-18.png""","./images/snacks/snacks-18.png"""
A rich and chewy dessert loaded with nuts and flavored with cardamom.,snacks-19.png,"""C:\Users\91939\OneDrive\Desktop\Images\snacks\snacks-19.png""","./Images/snacks/snacks-19.png""","./images/snacks/snacks-19.png"""
A simple yet nutritious snack made from roasted fox nuts.,snacks-20.png,"""C:\Users\91939\OneDrive\Desktop\Images\snacks\snacks-20.png""","./Images/snacks/snacks-20.png""","./images/snacks/snacks-20.png"""
A cute little toy figure of a smiling girl holding a tiny white bunny,toy-1.png,"""C:\Users\91939\OneDrive\Desktop\Images\toys\toy-1.png""","./Images/toys/toy-1.png""","./images/toys/toy-1.png"""
A cool action figure of Batman alongside his high-tech Batmobile.,toy-2.png,"""C:\Users\91939\OneDrive\Desktop\Images\toys\toy-2.png""","./Images/toys/toy-2.png""","./images/toys/toy-2.png"""
A soft and cuddly pink unicorn with heart decorations and a magical look!,toy-3.png,"""C:\Users\91939\OneDrive\Desktop\Images\toys\toy-3.png""","./Images/toys/toy-3.png""","./images/toys/toy-3.png"""
A futuristic blue robot buddy ready to play! ğŸ¤–âœ¨,toy-4.png,"""C:\Users\91939\OneDrive\Desktop\Images\toys\toy-4.png""","./Images/toys/toy-4.png""","./images/toys/toy-4.png"""
A cuddly elephant plush for the softest hugs! ğŸ˜ğŸ’–,toy-5.png,"""C:\Users\91939\OneDrive\Desktop\Images\toys\toy-5.png""","./Images/toys/toy-5.png""","./images/toys/toy-5.png"""
A sleepy panda waiting for nap time! ğŸ¼ğŸ˜´,toy-6.png,"""C:\Users\91939\OneDrive\Desktop\Images\toys\toy-6.png""","./Images/toys/toy-6.png""","./images/toys/toy-6.png"""
"A classic teddy bear, your forever friend! ğŸ§¸â¤ï¸",toy-7.png,"""C:\Users\91939\OneDrive\Desktop\Images\toys\toy-7.png""","./Images/toys/toy-7.png""","./images/toys/toy-7.png"""
A magical unicorn full of dreams! ğŸ¦„ğŸŒˆ,toy-8.png,"""C:\Users\91939\OneDrive\Desktop\Images\toys\toy-8.png""","./Images/toys/toy-8.png""","./images/toys/toy-8.png"""
"A cute elephant with pink ears, the perfect snuggle buddy! ğŸ˜ğŸ’•",toy-9.png,"""C:\Users\91939\OneDrive\Desktop\Images\toys\toy-9.png""","./Images/toys/toy-9.png""","./images/toys/toy-9.png"""
A roaring dino ready for adventure! ğŸ¦–ğŸ”¥,toy-10.png,"""C:\Users\91939\OneDrive\Desktop\Images\toys\toy-10.png""","./Images/toys/toy-10.png""","./images/toys/toy-10.png"""
A tiny teddy with a big heart! ğŸ§¸ğŸ’›,toy-11.png,"""C:\Users\91939\OneDrive\Desktop\Images\toys\toy-11.png""","./Images/toys/toy-11.png""","./images/toys/toy-11.png"""
A happy frog stacking toy for endless fun! ğŸ¸ğŸŒˆ,toy-12.png,"""C:\Users\91939\OneDrive\Desktop\Images\toys\toy-12.png""","./Images/toys/toy-12.png""","./images/toys/toy-12.png"""
These teddy bears are the perfect snuggle buddies! â¤ï¸,toy-13.png,"""C:\Users\91939\OneDrive\Desktop\Images\toys\toy-13.png""","./Images/toys/toy-13.png""","./images/toys/toy-13.png"""
Rolling into fun with this adorable turtle!,toy-14.png,"""C:\Users\91939\OneDrive\Desktop\Images\toys\toy-14.png""","./Images/toys/toy-14.png""","./images/toys/toy-14.png"""
"Soft, squishy, and full of love! Who's your favorite? ğŸ’–",toy-15.png,"""C:\Users\91939\OneDrive\Desktop\Images\toys\toy-15.png""","./Images/toys/toy-15.png""","./images/toys/toy-15.png"""
These little stuffed animals are ready for a fun adventure!,toy-16.png,"""C:\Users\91939\OneDrive\Desktop\Images\toys\toy-16.jpg""","./Images/toys/toy-16.jpg""","./images/toys/toy-16.jpg"""
Time to dig into some serious playtime!,toy-17.png,"""C:\Users\91939\OneDrive\Desktop\Images\toys\toy-17.png""","./Images/toys/toy-17.png""","./images/toys/toy-17.png"""
This toy car is all set to race into excitement! ğŸ,toy-18.png,"""C:\Users\91939\OneDrive\Desktop\Images\toys\toy-18.png""","./Images/toys/toy-18.png""","./images/toys/toy-18.png"""
Ready to cause some adorable mischief! ğŸ˜†,toy-19.png,"""C:\Users\91939\OneDrive\Desktop\Images\toys\toy-19.png""","./Images/toys/toy-19.png""","./images/toys/toy-19.png"""
The fun starts when you start building! ğŸŒˆ,toy-20.png,"""C:\Users\91939\OneDrive\Desktop\Images\toys\toy-20.png""","./Images/toys/toy-20.png""","./images/toys/toy-20.png"""
"ğŸ•¶ï¸ Classic black sunglasses for a timeless look.",sunglass-1.png,C:\Users\91939\OneDrive\Desktop\Images\sunglasses\sunglass-1.png,./Images/sunglasses/sunglass-1.png,./images/sunglasses/sunglass-1.png
âœˆï¸ Stylish aviator sunglasses with dark lenses.,sunglass-2.png,"""C:\Users\91939\OneDrive\Desktop\Images\sunglasses\sunglass-2.png""","./Images/sunglasses/sunglass-2.png""",./images/sunglasses/sunglass-2.png
ğŸ˜ Retro-inspired sunglasses with a bold frame.,sunglass-3.png,"""C:\Users\91939\OneDrive\Desktop\Images\sunglasses\sunglass-3.png""","./Images/sunglasses/sunglass-3.png""",./images/sunglasses/sunglass-3.png
ğŸŒ´ğŸŒ… Fun and colorful sunglasses with a tropical vibe.,sunglass-4.png,"""C:\Users\91939\OneDrive\Desktop\Images\sunglasses\sunglass-4.png""","./Images/sunglasses/sunglass-4.png""",./images/sunglasses/sunglass-4.png
âœ¨ Elegant sunglasses with a sleek metallic frame.,sunglass-5.png,"""C:\Users\91939\OneDrive\Desktop\Images\sunglasses\sunglass-5.png""","./Images/sunglasses/sunglass-5.png""",./images/sunglasses/sunglass-5.png
ğŸ”µ Trendy blue-lensed sunglasses for a cool style.,sunglass-6.png,"""C:\Users\91939\OneDrive\Desktop\Images\sunglasses\sunglass-6.png""","./Images/sunglasses/sunglass-6.png""",./images/sunglasses/sunglass-6.png
ğŸ–ï¸ Sporty aviator sunglasses with a vibrant gradient lens.,sunglass-7.png,"""C:\Users\91939\OneDrive\Desktop\Images\sunglasses\sunglass-7.png""","./Images/sunglasses/sunglass-7.png""",./images/sunglasses/sunglass-7.png
""" ğŸ˜ Shades on, worries off! """,sunglass-8.png,"""C:\Users\91939\OneDrive\Desktop\Images\sunglasses\sunglass-8.png""","./Images/sunglasses/sunglass-8.png""","./images/sunglasses/sunglass-8.png"""
Orange you glad you saw these? ğŸŠğŸ˜,sunglass-9.png,"""C:\Users\91939\OneDrive\Desktop\Images\sunglasses\sunglass-9.png""","./Images/sunglasses/sunglass-9.png""","./images/sunglasses/sunglass-9.png"""
"Retro Vibes ğŸ˜ğŸ•¶ï¸ â€“ Round and bold, perfect for a vintage look!",sunglass-10.png,"""C:\Users\91939\OneDrive\Desktop\Images\sunglasses\sunglass-10.png""","./Images/sunglasses/sunglass-10.png""","./images/sunglasses/sunglass-10.png"""
Golden Reflections âœ¨ğŸ•¶ï¸ â€“ Stylish with a rosy touch!,sunglass-11.png,"""C:\Users\91939\OneDrive\Desktop\Images\sunglasses\sunglass-11.png""","./Images/sunglasses/sunglass-11.png""","./images/sunglasses/sunglass-11.png"""
"Classic & Nerdy ğŸ¤“ğŸ–¤ â€“ Smart and timeless round frames!",sunglass-12.png,"""C:\Users\91939\OneDrive\Desktop\Images\sunglasses\sunglass-12.png""","./Images/sunglasses/sunglass-12.png""","./images/sunglasses/sunglass-12.png"""
Pretty in Pink ğŸ’–ğŸ‘“ â€“ Chic and elegant with a rosy tint!,sunglass-13.png,"""C:\Users\91939\OneDrive\Desktop\Images\sunglasses\sunglass-13.png""","./Images/sunglasses/sunglass-13.png""","./images/sunglasses/sunglass-13.png"""
Cool Blue ğŸŒŠğŸ˜ â€“ Aviators that scream summer!,sunglass-14.png,"""C:\Users\91939\OneDrive\Desktop\Images\sunglasses\sunglass-14.png""","./Images/sunglasses/sunglass-14.png""","./images/sunglasses/sunglass-14.png"""
Sporty Edge ğŸ”¥ğŸš´ â€“ Perfect for action-packed adventures!,sunglass-15.png,"""C:\Users\91939\OneDrive\Desktop\Images\sunglasses\sunglass-15.png""","./Images/sunglasses/sunglass-15.png""","./images/sunglasses/sunglass-15.png"""
Oopsâ€¦ Broken! ğŸ•¶ï¸ğŸ’” â€“ Well-loved or just an accident? ğŸ˜…,sunglass-16.png,"""C:\Users\91939\OneDrive\Desktop\Images\sunglasses\sunglass-16.png""","./Images/sunglasses/sunglass-16.png""","./images/sunglasses/sunglass-16.png"""
"Aviator Swag âœˆï¸ğŸ˜ â€“ Classic and bold, ready for takeoff!",sunglass-17.png,"""C:\Users\91939\OneDrive\Desktop\Images\sunglasses\sunglass-17.png""","./Images/sunglasses/sunglass-17.png""","./images/sunglasses/sunglass-17.png"""
"Tortoiseshell Glam ğŸ†ğŸ•¶ï¸ â€“ Vintage, classy, and fierce!",sunglass-18.png,"""C:\Users\91939\OneDrive\Desktop\Images\sunglasses\sunglass-18.png""","./Images/sunglasses/sunglass-18.png""","./images/sunglasses/sunglass-18.png"""
"Luxury Look ğŸ–¤ğŸ’ â€“ Sleek, stylish, and effortlessly cool!",sunglass-19.png,"""C:\Users\91939\OneDrive\Desktop\Images\sunglasses\sunglass-19.png""","./Images/sunglasses/sunglass-19.png""","./images/sunglasses/sunglass-19.png"""
"Bold & Black ğŸ–¤ğŸ•¶ï¸ â€“ Futuristic, edgy, and ready to make a statement! ğŸ”¥ğŸš€",sunglass-20.png,"""C:\Users\91939\OneDrive\Desktop\Images\sunglasses\sunglass-20.png""","./Images/sunglasses/sunglass-20.png""","./images/sunglasses/sunglass-20.png"""
Natureâ€™s air purifier â€“ Snake Plant ğŸğŸŒ±,plants-1.png,"""C:\Users\91939\OneDrive\Desktop\Images\plants\plants-1.png""","./Images/plants/plants-1.png""","./images/plants/plants-1.png"""
Aloe for the glow â€“ natureâ€™s healer âœ¨ğŸŒ¿,plants-2.png,"""C:\Users\91939\OneDrive\Desktop\Images\plants\plants-2.png""","./Images/plants/plants-2.png""","./images/plants/plants-2.png"""
Aesthetic greens for a fresh vibe ğŸ¡ğŸ’š,plants-3.png,"""C:\Users\91939\OneDrive\Desktop\Images\plants\plants-3.png""","./Images/plants/plants-3.png""","./images/plants/plants-3.png"""
Indoor jungle dreams come true ğŸŒ´ğŸ¡,plants-4.png,"""C:\Users\91939\OneDrive\Desktop\Images\plants\plants-4.png""","./Images/plants/plants-4.png""","./images/plants/plants-4.png"""
Balcony goals with lush greens ğŸŒ¿ğŸ™ï¸,plants-5.png,"""C:\Users\91939\OneDrive\Desktop\Images\plants\plants-5.png""","./Images/plants/plants-5.png""","./images/plants/plants-5.png"""
Cozy corners filled with life ğŸŒ¿ğŸ›‹ï¸,plants-6.png,"""C:\Users\91939\OneDrive\Desktop\Images\plants\plants-6.png""","./Images/plants/plants-6.png""","./images/plants/plants-6.png"""
A statement plant for every space ğŸ¡ğŸŒ¿,plants-7.png,"""C:\Users\91939\OneDrive\Desktop\Images\plants\plants-7.png""","./Images/plants/plants-7.png""","./images/plants/plants-7.png"""
"Bold leaves, bold style ğŸ–¤ğŸŒ±",plants-8.png,"""C:\Users\91939\OneDrive\Desktop\Images\plants\plants-8.png""","./Images/plants/plants-8.png""","./images/plants/plants-8.png"""
Bamboo vibes for peace & zen ğŸ‹ğŸ•Šï¸,plants-9.png,"""C:\Users\91939\OneDrive\Desktop\Images\plants\plants-9.png""","./Images/plants/plants-9.png""","./images/plants/plants-9.png"""
The easiest plant parent win! ğŸŒ¿ğŸ’š,plants-10.png,"""C:\Users\91939\OneDrive\Desktop\Images\plants\plants-10.png""","./Images/plants/plants-10.png""","./images/plants/plants-10.png"""
The ever-stylish Snake Plant ğŸŒ¿ğŸ’™,plants-11.png,"""C:\Users\91939\OneDrive\Desktop\Images\plants\plants-11.png""","./Images/plants/plants-11.png""","./images/plants/plants-11.png"""
The ever-stylish Snake Plant ğŸŒ¿ğŸ’™,plants-12.png,"""C:\Users\91939\OneDrive\Desktop\Images\plants\plants-12.png""","./Images/plants/plants-12.png""","./images/plants/plants-12.png"""
"Unique foliage, perfect for decor ğŸŒ±ğŸ¨",plants-13.png,"""C:\Users\91939\OneDrive\Desktop\Images\plants\plants-13.png""","./Images/plants/plants-13.png""","./images/plants/plants-13.png"""
Twin beauties bringing natural charm ğŸŒ¿ğŸ¤,plants-14.png,"""C:\Users\91939\OneDrive\Desktop\Images\plants\plants-14.png""","./Images/plants/plants-14.png""","./images/plants/plants-14.png"""
"Peace Lily for pure, serene energy ğŸŒ¸â˜ï¸",plants-15.png,"""C:\Users\91939\OneDrive\Desktop\Images\plants\plants-15.png""","./Images/plants/plants-15.png""","./images/plants/plants-15.png"""
A colorful burst of freshness ğŸŒ¿ğŸŒº,plants-16.png,"""C:\Users\91939\OneDrive\Desktop\Images\plants\plants-16.png""","./Images/plants/plants-16.png""","./images/plants/plants-16.png"""
Green elegance for every corner ğŸ¡ğŸƒ,plants-17.png,"""C:\Users\91939\OneDrive\Desktop\Images\plants\plants-17.png""","./Images/plants/plants-17.png""","./images/plants/plants-17.png"""
Cozy woven planters with a stylish touch ğŸŒ¿ğŸ§º,plants-18.png,"""C:\Users\91939\OneDrive\Desktop\Images\plants\plants-18.png""","./Images/plants/plants-18.png""","./images/plants/plants-18.png"""
Bright blooms for a vibrant home ğŸŒºâœ¨,plants-19.png,"""C:\Users\91939\OneDrive\Desktop\Images\plants\plants-19.png""","./Images/plants/plants-19.png""","./images/plants/plants-19.png"""
"Simple, chic, and effortlessly green ğŸ–¤ğŸŒ¿",plants-20.png,"""C:\Users\91939\OneDrive\Desktop\Images\plants\plants-20.png""","./Images/plants/plants-20.png""","./images/plants/plants-20.png"""
Essential tools for every chef ğŸ³ğŸ”ª,Kitchenware-1.png,"""C:\Users\91939\OneDrive\Desktop\Images\Kitchenware\Kitchenware-1.png""","./Images/Kitchenware/Kitchenware-1.png""","./images/Kitchenware/Kitchenware-1.png"""
Whisks and scoops for perfect baking ğŸ§ğŸ¥„,Kitchenware-2.png,"""C:\Users\91939\OneDrive\Desktop\Images\Kitchenware\Kitchenware-2.png""","./Images/Kitchenware/Kitchenware-2.png""","./images/Kitchenware/Kitchenware-2.png"""
Fun kitchen playset for little chefs ğŸ½ï¸ğŸ§¸,Kitchenware-3.png,"""C:\Users\91939\OneDrive\Desktop\Images\Kitchenware\Kitchenware-3.png""","./Images/Kitchenware/Kitchenware-3.png""","./images/Kitchenware/Kitchenware-3.png"""
Stylish pink kitchen set for elegance ğŸ€ğŸ´,Kitchenware-4.png,"""C:\Users\91939\OneDrive\Desktop\Images\Kitchenware\Kitchenware-4.png""","./Images/Kitchenware/Kitchenware-4.png""","./images/Kitchenware/Kitchenware-4.png"""
Sleek stainless steel cookware for modern kitchens ğŸ²âœ¨,Kitchenware-5.png,"""C:\Users\91939\OneDrive\Desktop\Images\Kitchenware\Kitchenware-5.png""","./Images/Kitchenware/Kitchenware-5.png""","./images/Kitchenware/Kitchenware-5.png"""
Powerful mixer grinder for smooth blends ğŸ¹âš¡,Kitchenware-6.png,"""C:\Users\91939\OneDrive\Desktop\Images\Kitchenware\Kitchenware-6.png""","./Images/Kitchenware/Kitchenware-6.png""","./images/Kitchenware/Kitchenware-6.png"""
Sharp and stylish knife set for precision ğŸ”ªğŸ”¥,Kitchenware-7.png,"""C:\Users\91939\OneDrive\Desktop\Images\Kitchenware\Kitchenware-7.png""","./Images/Kitchenware/Kitchenware-7.png""","./images/Kitchenware/Kitchenware-7.png"""
Non-stick must-haves for effortless cooking ğŸ³ğŸ‘Œ,Kitchenware-8.png,"""C:\Users\91939\OneDrive\Desktop\Images\Kitchenware\Kitchenware-8.png""","./Images/Kitchenware/Kitchenware-8.png""","./images/Kitchenware/Kitchenware-8.png"""
Wooden and black utensils for a classy touch ğŸ´ğŸŒ¿,Kitchenware-9.png,"""C:\Users\91939\OneDrive\Desktop\Images\Kitchenware\Kitchenware-9.png""","./Images/Kitchenware/Kitchenware-9.png""","./images/Kitchenware/Kitchenware-9.png"""
Durable stainless steel pot for hearty meals ğŸ²ğŸ’ª,Kitchenware-10.png,"""C:\Users\91939\OneDrive\Desktop\Images\Kitchenware\Kitchenware-10.png""","./Images/Kitchenware/Kitchenware-10.png""","./images/Kitchenware/Kitchenware-10.png"""
Complete kitchenware set for master chefs ğŸ†ğŸ”ª,Kitchenware-11.png,"""C:\Users\91939\OneDrive\Desktop\Images\Kitchenware\Kitchenware-11.png""","./Images/Kitchenware/Kitchenware-11.png""","./images/Kitchenware/Kitchenware-11.png"""
Knife block with extra kitchen tools for efficiency ğŸ½ï¸ğŸ› ï¸,Kitchenware-12.png,"""C:\Users\91939\OneDrive\Desktop\Images\Kitchenware\Kitchenware-12.png""","./Images/Kitchenware/Kitchenware-12.png""","./images/Kitchenware/Kitchenware-12.png"""
Non-stick cookware set for easy cooking ğŸ³ğŸ²,Kitchenware-13.png,"""C:\Users\91939\OneDrive\Desktop\Images\Kitchenware\Kitchenware-13.png""","./Images/Kitchenware/Kitchenware-13.png""","./images/Kitchenware/Kitchenware-13.png"""
Classic tawa for perfect flatbreads ğŸ«“ğŸ”¥,Kitchenware-14.png,"""C:\Users\91939\OneDrive\Desktop\Images\Kitchenware\Kitchenware-14.png""","./Images/Kitchenware/Kitchenware-14.png""","./images/Kitchenware/Kitchenware-14.png"""
Mini pan set for delicious treats ğŸ¥ğŸ¡,Kitchenware-15.png,"""C:\Users\91939\OneDrive\Desktop\Images\Kitchenware\Kitchenware-15.png""","./Images/Kitchenware/Kitchenware-15.png""","./images/Kitchenware/Kitchenware-15.png"""
Small kitchen tools for perfect meals ğŸ´ğŸ–¤,Kitchenware-16.png,"""C:\Users\91939\OneDrive\Desktop\Images\Kitchenware\Kitchenware-16.png""","./Images/Kitchenware/Kitchenware-16.png""","./images/Kitchenware/Kitchenware-16.png"""
Cookware set for every cooking need ğŸ½ï¸ğŸ”¥,Kitchenware-17.png,"""C:\Users\91939\OneDrive\Desktop\Images\Kitchenware\Kitchenware-17.png""","./Images/Kitchenware/Kitchenware-17.png""","./images/Kitchenware/Kitchenware-17.png"""
Dish rack to keep your kitchen tidy ğŸ§¼ğŸ½ï¸,Kitchenware-18.png,"""C:\Users\91939\OneDrive\Desktop\Images\Kitchenware\Kitchenware-18.png""","./Images/Kitchenware/Kitchenware-18.png""","./images/Kitchenware/Kitchenware-18.png"""
All-in-one utensil holder for easy access ğŸ¡ğŸ´,Kitchenware-19.png,"""C:\Users\91939\OneDrive\Desktop\Images\Kitchenware\Kitchenware-19.png""","./Images/Kitchenware/Kitchenware-19.png""","./images/Kitchenware/Kitchenware-19.png"""
High-tech appliances for a smart kitchen ğŸ¤–ğŸµ,Kitchenware-20.png,"""C:\Users\91939\OneDrive\Desktop\Images\Kitchenware\Kitchenware-20.png""","./Images/Kitchenware/Kitchenware-20.png""","./images/Kitchenware/Kitchenware-20.png"""
Bold black elegance with gold accents âŒšâœ¨,watches-1.png,"""C:\Users\91939\OneDrive\Desktop\Images\watches\watches-1.png""","./Images/watches/watches-1.png""","./images/watches/watches-1.png"""
Sleek and minimalist black timepiece ğŸ–¤â³,watches-2.png,"""C:\Users\91939\OneDrive\Desktop\Images\watches\watches-2.png""","./Images/watches/watches-2.png""","./images/watches/watches-2.png"""
Luxurious gold watch for a premium style ğŸŒŸâŒš,watches-3.png,"""C:\Users\91939\OneDrive\Desktop\Images\watches\watches-3.png""","./Images/watches/watches-3.png""","./images/watches/watches-3.png"""
Rose gold beauty for a classy look ğŸ’–ğŸ•°ï¸,watches-4.png,"""C:\Users\91939\OneDrive\Desktop\Images\watches\watches-4.png""","./Images/watches/watches-4.png""","./images/watches/watches-4.png"""
Digital classic for retro vibes ğŸ“ŸâŒš,watches-5.png,"""C:\Users\91939\OneDrive\Desktop\Images\watches\watches-5.png""","./Images/watches/watches-5.png""","./images/watches/watches-5.png"""
Dazzling blue dial for a bold statement ğŸ’™âœ¨,watches-6.png,"""C:\Users\91939\OneDrive\Desktop\Images\watches\watches-6.png""","./Images/watches/watches-6.png""","./images/watches/watches-6.png"""
Rugged black sports watch for adventure lovers â±ï¸ğŸ”ï¸,watches-7.png,"""C:\Users\91939\OneDrive\Desktop\Images\watches\watches-7.png""","./Images/watches/watches-7.png""","./images/watches/watches-7.png"""
Vintage timepiece with a timeless appeal ğŸœï¸âŒš,watches-8.png,"""C:\Users\91939\OneDrive\Desktop\Images\watches\watches-8.png""","./Images/watches/watches-8.png""","./images/watches/watches-8.png"""
Subtle yet stylish in champagne gold ğŸ¥‚âŒš,watches-9.png,"""C:\Users\91939\OneDrive\Desktop\Images\watches\watches-9.png""","./Images/watches/watches-9.png""","./images/watches/watches-9.png"""
Leather strap for a sophisticated look ğŸ¤ğŸ•°ï¸,watches-10.png,"""C:\Users\91939\OneDrive\Desktop\Images\watches\watches-10.png""","./Images/watches/watches-10.png""","./images/watches/watches-10.png"""
Soft gold elegance for everyday charm ğŸ’›âŒš,watches-11.png,"""C:\Users\91939\OneDrive\Desktop\Images\watches\watches-11.png""","./Images/watches/watches-11.png""","./images/watches/watches-11.png"""
Striped dial with a futuristic feel ğŸš€ğŸ•°ï¸,watches-12.png,"""C:\Users\91939\OneDrive\Desktop\Images\watches\watches-12.png""","./Images/watches/watches-12.png""","./images/watches/watches-12.png"""
Black and gold combo for ultimate luxury ğŸ–¤ğŸ’°,watches-13.png,"""C:\Users\91939\OneDrive\Desktop\Images\watches\watches-13.png""","./Images/watches/watches-13.png""","./images/watches/watches-13.png"""
Elegant green dial for a unique touch ğŸ’šâŒš,watches-14.png,"""C:\Users\91939\OneDrive\Desktop\Images\watches\watches-14.png""","./Images/watches/watches-14.png""","./images/watches/watches-14.png"""
Blue and gold classic for timeless elegance ğŸ”µâ³,watches-15.png,"""C:\Users\91939\OneDrive\Desktop\Images\watches\watches-15.png""","./Images/watches/watches-15.png""","./images/watches/watches-15.png"""
Modern metallic with a digital twist ğŸŒâŒš,watches-16.png,"""C:\Users\91939\OneDrive\Desktop\Images\watches\watches-16.png""","./Images/watches/watches-16.png""","./images/watches/watches-16.png"""
Vintage digital in a bronze finish ğŸŸ¤ğŸ“Ÿ,watches-17.png,"""C:\Users\91939\OneDrive\Desktop\Images\watches\watches-17.png""","./Images/watches/watches-17.png""","./images/watches/watches-17.png"""
Black and silver digital for a sleek look âš«ğŸ’»,watches-18.png,"""C:\Users\91939\OneDrive\Desktop\Images\watches\watches-18.png""","./Images/watches/watches-18.png""","./images/watches/watches-18.png"""
Neon green G-Shock for sporty vibes ğŸ’šğŸ‹ï¸â€â™‚ï¸,watches-19.png,"""C:\Users\91939\OneDrive\Desktop\Images\watches\watches-19.png""","./Images/watches/watches-19.png""","./images/watches/watches-19.png"""
Navy and gold sports watch for a bold look ğŸ”µğŸ†,watches-20.png,"""C:\Users\91939\OneDrive\Desktop\Images\watches\watches-20.png""","./Images/watches/watches-20.png""","./images/watches/watches-20.png"""
